<addon id="script.module.the_milk" name="The Milk Module" version="2.0.08" provider-name="Elvis-Gratton">
    <requires>
        <import addon="xbmc.python" version="3.0.0"/>
        <import addon="script.module.requests"/>
    </requires>
    <extension point="xbmc.python.pluginsource" library="lib/default.py">
        <provides>executable</provides>
    </extension>
    <extension point="xbmc.service" library="lib/service.py" start="startup"/>
    <extension point="xbmc.python.module" library="lib"/>
    <extension point="xbmc.addon.metadata">
        <reuselanguageinvoker>false</reuselanguageinvoker>
        <summary lang="en">The Milk Module</summary>
        <description>This is a fork of the_milk from CocoJoe2411.</description>
        <platform>all</platform>
        <license>GNU GENERAL PUBLIC LICENSE. Version 3, 29 June 2007</license>
        <forum></forum>
        <website></website>
        <source></source>
        <disclaimer lang="en">The author is not responsible for the use of this addon. The author is not responsible for
            the content found using this addon. The author does not host or own any content found within this
            addon.[CR]The author is in no way affiliated with Kodi, Team Kodi, or the XBMC Foundation.[CR]This is a
            Non-profit resource, organized solely for educational purposes which is protected under the Fair-Use
            doctrine of the Copyright Act, Specifically section 107, which does promote freedom of expression, by
            permitting the unlicensed use of copyright-protected works.
        </disclaimer>
        <assets>
            <icon>resources/milk_icon.png</icon>
            <fanart>resources/milk_fanart.png</fanart>
            <screenshot></screenshot>
        </assets>
        <news></news>
    </extension>
</addon>